{"cameraMode":{"drawMode":0,"name":"Shaded","section":"Shading Mode"},"sceneLighting":true,"audioPlay":false,"sceneViewState":{"showFog":true,"showMaterialUpdate":false,"showSkybox":true,"showFlares":true,"showImageEffects":true,"showParticleSystems":true,"showVisualEffectGraphs":true,"m_FxEnabled":false},"in2DMode":false,"pivot":{"x":-0.08434677124023438,"y":7.914926528930664,"z":1.1626529693603516},"rotation":{"x":-0.3267389237880707,"y":0.41572386026382449,"z":-0.16306503117084504,"w":-0.8329728245735169},"size":22.238849639892579,"orthographic":false}